Country,Ecosystem,Stratum,Year,Estimate,SE,Source,Protected_Status
Angola,Southeast Angola,Southeast Angola,2005,1827,598,GEC report,No
Angola,Southeast Angola,Southeast Angola,2015,1437,600,Chase & Griffin. 2011. African Journal of Ecology 49: 353–361.,No
Botswana,Northern Botswana,Central district,1995,499,367.5655539,Schlossberg et al. unpublished manuscript (based on re-analysis of raw survey data),No
Botswana,Northern Botswana,Central district,1996,1543,519.6436333,Schlossberg et al. unpublished manuscript (based on re-analysis of raw survey data),No
Botswana,Northern Botswana,Central district,1999,954,479.9757703,Schlossberg et al. unpublished manuscript (based on re-analysis of raw survey data),No
Botswana,Northern Botswana,Central district,2001,9361,3038.506416,Schlossberg et al. unpublished manuscript (based on re-analysis of raw survey data),No
Botswana,Northern Botswana,Central district,2002,3213,710.7357563,Schlossberg et al. unpublished manuscript (based on re-analysis of raw survey data),No
Botswana,Northern Botswana,Central district,2004,14221,4328.870279,Schlossberg et al. unpublished manuscript (based on re-analysis of raw survey data),No
Botswana,Northern Botswana,Central district,2006,21192,4613.542335,Schlossberg et al. unpublished manuscript (based on re-analysis of raw survey data),No
Botswana,Northern Botswana,Central district,2010,7500,1205.354231,Schlossberg et al. unpublished manuscript (based on re-analysis of raw survey data),No
Botswana,Northern Botswana,Central district,2012,6796,2249.780673,Schlossberg et al. unpublished manuscript (based on re-analysis of raw survey data),No
Botswana,Northern Botswana,Central district,2013,30549,7267.584578,Schlossberg et al. unpublished manuscript (based on re-analysis of raw survey data),No
Botswana,Northern Botswana,Central district,2014,13813,2739.935604,GEC report,No
Botswana,Northern Botswana,Chobe district,1995,28263,6520.840286,Schlossberg et al. unpublished manuscript (based on re-analysis of raw survey data),Yes
Botswana,Northern Botswana,Chobe district,1996,45106,7235.123966,Schlossberg et al. unpublished manuscript (based on re-analysis of raw survey data),Yes
Botswana,Northern Botswana,Chobe district,1999,37578,5482.684279,Schlossberg et al. unpublished manuscript (based on re-analysis of raw survey data),Yes
Botswana,Northern Botswana,Chobe district,2001,47619,7390.23323,Schlossberg et al. unpublished manuscript (based on re-analysis of raw survey data),Yes
Botswana,Northern Botswana,Chobe district,2002,57431,5515.601807,Schlossberg et al. unpublished manuscript (based on re-analysis of raw survey data),Yes
Botswana,Northern Botswana,Chobe district,2004,56960,5950.226707,Schlossberg et al. unpublished manuscript (based on re-analysis of raw survey data),Yes
Botswana,Northern Botswana,Chobe district,2006,54817,6522.278444,Schlossberg et al. unpublished manuscript (based on re-analysis of raw survey data),Yes
Botswana,Northern Botswana,Chobe district,2010,54090,3854.289604,Schlossberg et al. unpublished manuscript (based on re-analysis of raw survey data),Yes
Botswana,Northern Botswana,Chobe district,2012,72272,11758.938,Schlossberg et al. unpublished manuscript (based on re-analysis of raw survey data),Yes
Botswana,Northern Botswana,Chobe district,2014,28530,2073.570377,GEC report,Yes
Botswana,Northern Botswana,Ngamiland,1995,54216,6313.475264,Schlossberg et al. unpublished manuscript (based on re-analysis of raw survey data),No
Botswana,Northern Botswana,Ngamiland,1996,58602,6747.740539,Schlossberg et al. unpublished manuscript (based on re-analysis of raw survey data),No
Botswana,Northern Botswana,Ngamiland,1999,75118,8458.883935,Schlossberg et al. unpublished manuscript (based on re-analysis of raw survey data),No
Botswana,Northern Botswana,Ngamiland,2001,70566,8952.338355,Schlossberg et al. unpublished manuscript (based on re-analysis of raw survey data),No
Botswana,Northern Botswana,Ngamiland,2002,66009,6721.591168,Schlossberg et al. unpublished manuscript (based on re-analysis of raw survey data),No
Botswana,Northern Botswana,Ngamiland,2004,79216,6976.380712,Schlossberg et al. unpublished manuscript (based on re-analysis of raw survey data),No
Botswana,Northern Botswana,Ngamiland,2006,80519,6666.74851,Schlossberg et al. unpublished manuscript (based on re-analysis of raw survey data),No
Botswana,Northern Botswana,Ngamiland,2010,63063,2938.670472,Schlossberg et al. unpublished manuscript (based on re-analysis of raw survey data),No
Botswana,Northern Botswana,Ngamiland,2012,123128,12837.50874,Schlossberg et al. unpublished manuscript (based on re-analysis of raw survey data),No
Botswana,Northern Botswana,Ngamiland,2013,55513,5846.534909,Schlossberg et al. unpublished manuscript (based on re-analysis of raw survey data),No
Botswana,Northern Botswana,Ngamiland,2014,60755,2555.194814,GEC report,No
Botswana,Tuli,farms,2000,395,0,historical data cited in GEC report,No
Botswana,Tuli,farms,2001,446,0,historical data cited in GEC report,No
Botswana,Tuli,farms,2004,535,0,historical data cited in GEC report,No
Botswana,Tuli,farms,2007,244,0,historical data cited in GEC report,No
Botswana,Tuli,farms,2008,636,0,historical data cited in GEC report,No
Botswana,Tuli,farms,2010,190,0,historical data cited in GEC report,No
Botswana,Tuli,farms,2012,367,0,historical data cited in GEC report,No
Botswana,Tuli,farms,2014,502,0,GEC report,No
Botswana,Tuli,Northern Tuli GR,2000,490,0,historical data cited in GEC report,Yes
Botswana,Tuli,Northern Tuli GR,2001,718,0,historical data cited in GEC report,Yes
Botswana,Tuli,Northern Tuli GR,2004,278,0,historical data cited in GEC report,Yes
Botswana,Tuli,Northern Tuli GR,2007,619,0,historical data cited in GEC report,Yes
Botswana,Tuli,Northern Tuli GR,2008,477,0,historical data cited in GEC report,Yes
Botswana,Tuli,Northern Tuli GR,2010,463,0,historical data cited in GEC report,Yes
Botswana,Tuli,Northern Tuli GR,2012,320,0,historical data cited in GEC report,Yes
Botswana,Tuli,Northern Tuli GR,2014,388,0,GEC report,Yes
Cameroon,N. Soudanian Savannahs,N. Soudianian Savannahs,2008,525,0,"Omondi et al. 2008. TOTAL AERIAL COUNT OF ELEPHANTS AND OTHER
WILDLIFE SPECIES IN FARO, BENOUE AND BOUBA
NDJIDDA NATIONAL PARKS AND ADJACENT HUNTING
BLOCKS IN NORTHERN CAMEROON",No
Cameroon,N. Soudanian Savannahs,N. Soudianian Savannahs,2015,140,80.5,GEC report,No
Chad,Binder Lere R,Binder Lere R,2010,236,0,historical data cited in GEC report,Yes
Chad,Binder Lere R,Binder Lere R,2014,132,0,GEC report,Yes
Chad,Zakouma NP,Zakouma NP,1995,1750,,historical data cited in GEC report,Yes
Chad,Zakouma NP,Zakouma NP,2002,4351,899.1073351,historical data cited in GEC report,Yes
Chad,Zakouma NP,Zakouma NP,2005,3885,0,historical data cited in GEC report,Yes
Chad,Zakouma NP,Zakouma NP,2006,3020,0,historical data cited in GEC report,Yes
Chad,Zakouma NP,Zakouma NP,2008,937,553.4419572,historical data cited in GEC report,Yes
Chad,Zakouma NP,Zakouma NP,2009,617,0,historical data cited in GEC report,Yes
Chad,Zakouma NP,Zakouma NP,2010,542,0,historical data cited in GEC report,Yes
Chad,Zakouma NP,Zakouma NP,2011,454,0,historical data cited in GEC report,Yes
Chad,Zakouma NP,Zakouma NP,2012,444,0,historical data cited in GEC report,Yes
Chad,Zakouma NP,Zakouma NP,2014,443,0,GEC report,Yes
DR Congo,Garamba NP,Garamba NP,2007,3636,0,historical data cited in GEC report,Yes
DR Congo,Garamba NP,Garamba NP,2012,1717,0,historical data cited in GEC report,Yes
DR Congo,Garamba NP,Garamba NP,2014,1156,0,GEC report,Yes
DR Congo,Greater Virunga Landscape,Virunga NP,2003,286,105,historical data cited in GEC report,Yes
DR Congo,Greater Virunga Landscape,Virunga NP,2006,348,90.30612245,historical data cited in GEC report,Yes
DR Congo,Greater Virunga Landscape,Virunga NP,2010,347,291.1528808,historical data cited in GEC report,Yes
DR Congo,Greater Virunga Landscape,Virunga NP,2014,35,27,GEC report,Yes
Kenya,Laikipia-Samburu,Laikipia-Samburu,2002,5458,0,Omondi et al. 2002.  Total aerial count of elephants in the Laikipia-Samburu ecosystem: June 2002.  KWS.,No
Kenya,Laikipia-Samburu,Laikipia-Samburu,2012,6365,0,raw data from KWS from 2010 total count,No
Kenya,Laikipia-Samburu,Laikipia-Samburu,2014,7134,786,GEC report,No
Kenya,Masai Mara,Masai Mara R,1997,3373,1553.419454,Ogutu et al. 2011. Journal of Zoology 285:99-109.,Yes
Kenya,Masai Mara,Masai Mara R,2005,403,193.9948453,Ogutu et al. 2011. Journal of Zoology 285:99-109.,Yes
Kenya,Masai Mara,Masai Mara R,2007,800,420.5841176,Ogutu et al. 2011. Journal of Zoology 285:99-109.,Yes
Kenya,Masai Mara,Masai Mara R,2010,1769,0,Ogutu et al. 2011. Journal of Zoology 285:99-109.,Yes
Kenya,Masai Mara,Masai Mara R,2014,921,0,GEC report,Yes
Kenya,Masai Mara,unprotected areas,1997,1393,680.2132019,Ogutu et al. 2011. Journal of Zoology 285:99-109.,No
Kenya,Masai Mara,unprotected areas,2005,834,487.5499974,Ogutu et al. 2011. Journal of Zoology 285:99-109.,No
Kenya,Masai Mara,unprotected areas,2007,170,105.1142236,Ogutu et al. 2011. Journal of Zoology 285:99-109.,No
Kenya,Masai Mara,unprotected areas,2010,1300,0,Ogutu et al. 2011. Journal of Zoology 285:99-109.,No
Kenya,Masai Mara,unprotected areas,2014,571,0,GEC report,No
Kenya,Tsavo-Amboseli,Tsavo East NP north,1999,1337,0,Ngene et al. 2013. Pachyderm 53:38-50.,Yes
Kenya,Tsavo-Amboseli,Tsavo East NP north,2002,4089,0,Ngene et al. 2013. Pachyderm 53:38-50.,Yes
Kenya,Tsavo-Amboseli,Tsavo East NP north,2005,2499,0,Ngene et al. 2013. Pachyderm 53:38-50.,Yes
Kenya,Tsavo-Amboseli,Tsavo East NP north,2008,4118,0,Ngene et al. 2013. Pachyderm 53:38-50.,Yes
Kenya,Tsavo-Amboseli,Tsavo East NP north,2011,2094,0,Ngene et al. 2013. Pachyderm 53:38-50.,Yes
Kenya,Tsavo-Amboseli,Tsavo East NP north,2014,1941,830,GEC report,Yes
Kenya,Tsavo-Amboseli,Tsavo East NP north,2014,1034,0,Kyale et al. 2014. Tsavo-Mkomzai Total Aerial Census for Elephants and Large Animals.  KWS.,Yes
Kenya,Tsavo-Amboseli,Tsavo East NP south,1999,3221,0,Ngene et al. 2013. Pachyderm 53:38-50.,Yes
Kenya,Tsavo-Amboseli,Tsavo East NP south,2002,2087,0,Ngene et al. 2013. Pachyderm 53:38-50.,Yes
Kenya,Tsavo-Amboseli,Tsavo East NP south,2005,3896,0,Ngene et al. 2013. Pachyderm 53:38-50.,Yes
Kenya,Tsavo-Amboseli,Tsavo East NP south,2008,3731,0,Ngene et al. 2013. Pachyderm 53:38-50.,Yes
Kenya,Tsavo-Amboseli,Tsavo East NP south,2011,4120,0,Ngene et al. 2013. Pachyderm 53:38-50.,Yes
Kenya,Tsavo-Amboseli,Tsavo East NP south,2014,6453,1329,GEC report,Yes
Kenya,Tsavo-Amboseli,Tsavo East NP south,2014,5310,0,Kyale et al. 2014. Tsavo-Mkomzai Total Aerial Census for Elephants and Large Animals.  KWS.,Yes
Kenya,Tsavo-Amboseli,Tsavo West NP,1999,2119,0,Ngene et al. 2013. Pachyderm 53:38-50.,Yes
Kenya,Tsavo-Amboseli,Tsavo West NP,2002,2168,0,Ngene et al. 2013. Pachyderm 53:38-50.,Yes
Kenya,Tsavo-Amboseli,Tsavo West NP,2005,2626,0,Ngene et al. 2013. Pachyderm 53:38-50.,Yes
Kenya,Tsavo-Amboseli,Tsavo West NP,2008,2161,0,Ngene et al. 2013. Pachyderm 53:38-50.,Yes
Kenya,Tsavo-Amboseli,Tsavo West NP,2011,2142,0,Ngene et al. 2013. Pachyderm 53:38-50.,Yes
Kenya,Tsavo-Amboseli,Tsavo West NP,2014,2725,1083,GEC report,Yes
Kenya,Tsavo-Amboseli,Tsavo West NP,2014,3104,0,Kyale et al. 2014. Tsavo-Mkomzai Total Aerial Census for Elephants and Large Animals.  KWS.,Yes
Malawi,Kasungu NP,Kasungu NP,2005,58,111,African Elephant Database,Yes
Malawi,Kasungu NP,Kasungu NP,2014,40,0,GEC report,Yes
Malawi,Liwonde NP,Liwonde NP,2006,530,0,historical data cited in GEC report,Yes
Malawi,Liwonde NP,Liwonde NP,2007,696,0,historical data cited in GEC report,Yes
Malawi,Liwonde NP,Liwonde NP,2009,501,0,historical data cited in GEC report,Yes
Malawi,Liwonde NP,Liwonde NP,2010,404,0,historical data cited in GEC report,Yes
Malawi,Liwonde NP,Liwonde NP,2011,545,0,historical data cited in GEC report,Yes
Malawi,Liwonde NP,Liwonde NP,2012,678,0,historical data cited in GEC report,Yes
Malawi,Liwonde NP,Liwonde NP,2014,777,0,GEC report,Yes
Mali,Gourma,Gourma,2002,322,0,Blake et al. 2003. The last Sahelian Elephants. Save the Elephants.,No
Mali,Gourma,Gourma,2007,344,0,Bouche. 2007. Denombrement des elephants du Gourma. ,No
Mali,Gourma,Gourma,2015,253,0,GEC report,No
Mozambique,Limpopo NP,Limpopo NP,2010,1425,,Stephenson. 2010. Parque Nacionale do Limpopo aerial wildlife census. Wildlife Management Services.,Yes
Mozambique,Limpopo NP,Limpopo NP,2014,1081,327.2827524,GEC report,Yes
Mozambique,Marromeo Buffalo R,Marromeo Buffalo R,2000,219,0,"Beilfuss et al. 2010. Status and distribution of large herbivores in the Marromeu Complex of the Zambezi Delta, Mozambique. WWF.",Yes
Mozambique,Marromeo Buffalo R,Marromeo Buffalo R,2001,421,0,"Beilfuss et al. 2010. Status and distribution of large herbivores in the Marromeu Complex of the Zambezi Delta, Mozambique. WWF.",Yes
Mozambique,Marromeo Buffalo R,Marromeo Buffalo R,2006,388,0,"Beilfuss et al. 2010. Status and distribution of large herbivores in the Marromeu Complex of the Zambezi Delta, Mozambique. WWF.",Yes
Mozambique,Marromeo Buffalo R,Marromeo Buffalo R,2007,355,0,"Beilfuss et al. 2010. Status and distribution of large herbivores in the Marromeu Complex of the Zambezi Delta, Mozambique. WWF.",Yes
Mozambique,Marromeo Buffalo R,Marromeo Buffalo R,2008,267,0,"Beilfuss et al. 2010. Status and distribution of large herbivores in the Marromeu Complex of the Zambezi Delta, Mozambique. WWF.",Yes
Mozambique,Marromeo Buffalo R,Marromeo Buffalo R,2014,606,306.6349621,GEC report,Yes
Mozambique,Niassa NR,Niassa NR,1998,8707,968.2747544,historical data cited in GEC report,Yes
Mozambique,Niassa NR,Niassa NR,2000,11828,1069.930372,historical data cited in GEC report,Yes
Mozambique,Niassa NR,Niassa NR,2002,13061,1241.145842,historical data cited in GEC report,Yes
Mozambique,Niassa NR,Niassa NR,2004,12477,1077.207037,historical data cited in GEC report,Yes
Mozambique,Niassa NR,Niassa NR,2006,11833,1151.573706,historical data cited in GEC report,Yes
Mozambique,Niassa NR,Niassa NR,2009,20364,1389.133183,historical data cited in GEC report,Yes
Mozambique,Niassa NR,Niassa NR,2011,12029,1291.326531,historical data cited in GEC report,Yes
Mozambique,Niassa NR,Niassa NR,2014,4441,693.6418384,GEC report,Yes
Mozambique,Quirimbas NP,Quirimbas NP,2011,555,228.5714286,"Craig. 2012. Aerial Survey of Quirimbas National park and Adjacent Areas, Mozambique, October 2011. WWF Mozambique.",Yes
Mozambique,Quirimbas NP,Quirimbas NP,2013,560,240.5913858,"Craig. 2013. Aerial Survey of Quirimbas National Park and Adjoining Areas, 2013. WWF Mozambique.",Yes
Mozambique,Quirimbas NP,Quirimbas NP,2014,328,184.3529224,GEC report,Yes
Mozambique,Tete Province / Magoe,east of Musengezi,2010,519,121.7415295,"Dunham. 2010. Aerial Survey of Elephants and other Large Herbivores South of Lake Cabora Bassa, Mozambique: 2010. AGRECO G.E.I.E.",No
Mozambique,Tete Province / Magoe,east of Musengezi,2014,603,220.41,GEC report,No
Mozambique,Tete Province / Magoe,west of Musengezi,1995,137,95.40816327,African Elephant Database,No
Mozambique,Tete Province / Magoe,west of Musengezi,1999,400,125.5102041,African Elephant Database,No
Mozambique,Tete Province / Magoe,west of Musengezi,2000,1217,0,African Elephant Database,No
Mozambique,Tete Province / Magoe,west of Musengezi,2001,1264,693.3673469,African Elephant Database,No
Mozambique,Tete Province / Magoe,west of Musengezi,2003,1628,405.1020408,African Elephant Database,No
Mozambique,Tete Province / Magoe,west of Musengezi,2010,1465,527.3300674,"Dunham. 2010. Aerial Survey of Elephants and other Large Herbivores South of Lake Cabora Bassa, Mozambique: 2010. AGRECO G.E.I.E.",No
Mozambique,Tete Province / Magoe,west of Musengezi,2014,1051,375.51,GEC report,No
South Africa,Kruger NP,Kruger NP,1995,8064,0,"S. Ferreira, personal communication.",Yes
South Africa,Kruger NP,Kruger NP,1996,8320,0,"S. Ferreira, personal communication.",Yes
South Africa,Kruger NP,Kruger NP,1997,8371,0,"S. Ferreira, personal communication.",Yes
South Africa,Kruger NP,Kruger NP,1998,8869,0,"S. Ferreira, personal communication.",Yes
South Africa,Kruger NP,Kruger NP,1999,9152,0,"S. Ferreira, personal communication.",Yes
South Africa,Kruger NP,Kruger NP,2000,8356,0,"S. Ferreira, personal communication.",Yes
South Africa,Kruger NP,Kruger NP,2001,9276,0,"S. Ferreira, personal communication.",Yes
South Africa,Kruger NP,Kruger NP,2002,10459,0,"S. Ferreira, personal communication.",Yes
South Africa,Kruger NP,Kruger NP,2003,11672,0,"S. Ferreira, personal communication.",Yes
South Africa,Kruger NP,Kruger NP,2004,11483,0,"S. Ferreira, personal communication.",Yes
South Africa,Kruger NP,Kruger NP,2005,12467,0,"S. Ferreira, personal communication.",Yes
South Africa,Kruger NP,Kruger NP,2006,12427,0,"S. Ferreira, personal communication.",Yes
South Africa,Kruger NP,Kruger NP,2007,13050,0,"S. Ferreira, personal communication.",Yes
South Africa,Kruger NP,Kruger NP,2008,12930,0,"S. Ferreira, personal communication.",Yes
South Africa,Kruger NP,Kruger NP,2009,13573,0,"S. Ferreira, personal communication.",Yes
South Africa,Kruger NP,Kruger NP,2010,13750,0,"S. Ferreira, personal communication.",Yes
South Africa,Kruger NP,Kruger NP,2011,14454,0,"S. Ferreira, personal communication.",Yes
South Africa,Kruger NP,Kruger NP,2012,16571,0,"S. Ferreira, personal communication.",Yes
South Africa,Kruger NP,Kruger NP,2015,17086,0,GEC report,Yes
South Africa,Tuli,Mapungubwe NP,2000,0,0,historical data cited in GEC report,Yes
South Africa,Tuli,Mapungubwe NP,2001,11,0,historical data cited in GEC report,Yes
South Africa,Tuli,Mapungubwe NP,2004,2,0,historical data cited in GEC report,Yes
South Africa,Tuli,Mapungubwe NP,2007,98,0,historical data cited in GEC report,Yes
South Africa,Tuli,Mapungubwe NP,2008,82,0,historical data cited in GEC report,Yes
South Africa,Tuli,Mapungubwe NP,2010,280,0,historical data cited in GEC report,Yes
South Africa,Tuli,Mapungubwe NP,2012,127,0,historical data cited in GEC report,Yes
South Africa,Tuli,Mapungubwe NP,2014,344,0,GEC report,Yes
Tanzania,Burigi-Biharamulo,Burigi-Biharamulo,2000,761,410,African Elephant Database,No
Tanzania,Burigi-Biharamulo,Burigi-Biharamulo,2009,1295,785,historical data cited in GEC report,No
Tanzania,Burigi-Biharamulo,Burigi-Biharamulo,2014,402,381,GEC report,No
Tanzania,Katavi-Rukwa,Katavi-Rukwa,1998,5078,325,historical data cited in GEC report,Yes
Tanzania,Katavi-Rukwa,Katavi-Rukwa,2000,6805,3053,historical data cited in GEC report,Yes
Tanzania,Katavi-Rukwa,Katavi-Rukwa,2002,5732,2448,historical data cited in GEC report,Yes
Tanzania,Katavi-Rukwa,Katavi-Rukwa,2006,6261,686,historical data cited in GEC report,Yes
Tanzania,Katavi-Rukwa,Katavi-Rukwa,2009,6396,1920,historical data cited in GEC report,Yes
Tanzania,Katavi-Rukwa,Katavi-Rukwa,2012,7107,2627,historical data cited in GEC report,Yes
Tanzania,Katavi-Rukwa,Katavi-Rukwa,2014,3514,1022,GEC report,Yes
Tanzania,Malagarasi-Muyovosi,Malagarasi-Muyovosi,2001,7740,2287,historical data cited in GEC report,Yes
Tanzania,Malagarasi-Muyovosi,Malagarasi-Muyovosi,2006,19640,2499,historical data cited in GEC report,Yes
Tanzania,Malagarasi-Muyovosi,Malagarasi-Muyovosi,2009,14907,2962,historical data cited in GEC report,Yes
Tanzania,Malagarasi-Muyovosi,Malagarasi-Muyovosi,2014,2953,1308,GEC report,Yes
Tanzania,Ruaha-Rungwa,Ruaha-Rungwa,2002,24993,3027,historical data cited in GEC report,Yes
Tanzania,Ruaha-Rungwa,Ruaha-Rungwa,2006,35461,3653,historical data cited in GEC report,Yes
Tanzania,Ruaha-Rungwa,Ruaha-Rungwa,2009,31625,2890,historical data cited in GEC report,Yes
Tanzania,Ruaha-Rungwa,Ruaha-Rungwa,2013,20090,3282,historical data cited in GEC report,Yes
Tanzania,Ruaha-Rungwa,Ruaha-Rungwa,2014,8272,1652,GEC report,Yes
Tanzania,Selous-Mikumi,Selous-Mikumi,1998,55672,7690,historical data cited in GEC report,Yes
Tanzania,Selous-Mikumi,Selous-Mikumi,2002,63039,8136,historical data cited in GEC report,Yes
Tanzania,Selous-Mikumi,Selous-Mikumi,2006,70406,24843,historical data cited in GEC report,Yes
Tanzania,Selous-Mikumi,Selous-Mikumi,2009,38975,2644,historical data cited in GEC report,Yes
Tanzania,Selous-Mikumi,Selous-Mikumi,2013,13084,1816,historical data cited in GEC report,Yes
Tanzania,Selous-Mikumi,Selous-Mikumi,2014,15217,1800,GEC report,Yes
Tanzania,Serengeti,Serengeti,1998,2097,0,historical data cited in GEC report,Yes
Tanzania,Serengeti,Serengeti,2000,1650,0,historical data cited in GEC report,Yes
Tanzania,Serengeti,Serengeti,2003,2143,0,historical data cited in GEC report,Yes
Tanzania,Serengeti,Serengeti,2008,3421,0,historical data cited in GEC report,Yes
Tanzania,Serengeti,Serengeti,2014,6087,0,GEC report,Yes
Tanzania,Tarangire-Manyara,Tarangire-Manyara,1995,2334,0,historical data cited in GEC report,Yes
Tanzania,Tarangire-Manyara,Tarangire-Manyara,1998,1997,0,historical data cited in GEC report,Yes
Tanzania,Tarangire-Manyara,Tarangire-Manyara,2000,2385,0,historical data cited in GEC report,Yes
Tanzania,Tarangire-Manyara,Tarangire-Manyara,2004,1890,0,historical data cited in GEC report,Yes
Tanzania,Tarangire-Manyara,Tarangire-Manyara,2006,1938,0,historical data cited in GEC report,Yes
Tanzania,Tarangire-Manyara,Tarangire-Manyara,2009,2565,0,historical data cited in GEC report,Yes
Tanzania,Tarangire-Manyara,Tarangire-Manyara,2014,4202,0,GEC report,Yes
Uganda,Greater Virunga Landscape,Queen Elizabeth NP,1995,1088,,historical data cited in GEC report,Yes
Uganda,Greater Virunga Landscape,Queen Elizabeth NP,1999,1353,408.1632653,historical data cited in GEC report,Yes
Uganda,Greater Virunga Landscape,Queen Elizabeth NP,2000,1086,469.3877551,historical data cited in GEC report,Yes
Uganda,Greater Virunga Landscape,Queen Elizabeth NP,2002,998,0,historical data cited in GEC report,Yes
Uganda,Greater Virunga Landscape,Queen Elizabeth NP,2004,2497,0,historical data cited in GEC report,Yes
Uganda,Greater Virunga Landscape,Queen Elizabeth NP,2006,2959,753.2330317,historical data cited in GEC report,Yes
Uganda,Greater Virunga Landscape,Queen Elizabeth NP,2010,2502,735.1652875,historical data cited in GEC report,Yes
Uganda,Greater Virunga Landscape,Queen Elizabeth NP,2012,3018,649.2865315,historical data cited in GEC report,Yes
Uganda,Greater Virunga Landscape,Queen Elizabeth NP,2014,2913,932,GEC report,Yes
Uganda,Kidepo Valley NP & Karenga CWA,Kidepo Valley NP,1998,250,0,historical data cited in GEC report,Yes
Uganda,Kidepo Valley NP & Karenga CWA,Kidepo Valley NP,2000,390,0,historical data cited in GEC report,Yes
Uganda,Kidepo Valley NP & Karenga CWA,Kidepo Valley NP,2002,420,0,historical data cited in GEC report,Yes
Uganda,Kidepo Valley NP & Karenga CWA,Kidepo Valley NP,2005,454,0,historical data cited in GEC report,Yes
Uganda,Kidepo Valley NP & Karenga CWA,Kidepo Valley NP,2008,497,0,historical data cited in GEC report,Yes
Uganda,Kidepo Valley NP & Karenga CWA,Kidepo Valley NP,2012,440,0,historical data cited in GEC report,Yes
Uganda,Kidepo Valley NP & Karenga CWA,Kidepo Valley NP,2014,407,0,GEC report,Yes
Uganda,Murchison Falls Protected Area,Murchison Falls PA,1995,336,153.0612245,historical data cited in GEC report,Yes
Uganda,Murchison Falls Protected Area,Murchison Falls PA,1999,778,557.1428571,historical data cited in GEC report,Yes
Uganda,Murchison Falls Protected Area,Murchison Falls PA,2002,692,0,historical data cited in GEC report,Yes
Uganda,Murchison Falls Protected Area,Murchison Falls PA,2005,516,323.9795918,historical data cited in GEC report,Yes
Uganda,Murchison Falls Protected Area,Murchison Falls PA,2010,904,333,historical data cited in GEC report,Yes
Uganda,Murchison Falls Protected Area,Murchison Falls PA,2012,1617,599.2061415,historical data cited in GEC report,Yes
Uganda,Murchison Falls Protected Area,Murchison Falls PA,2014,1330,441,GEC report,Yes
W. Africa,W-Arly-Pendjari (WAP),WAP,2003,4592,0,historical data cited in GEC report,Yes
W. Africa,WAP,WAP,2015,8911,1299,GEC report,Yes
Zambia,Kafue,Kafue GMAs,2006,1767,,"Frederick. 2011. Aerial Survey: Kafue Ecosystem 2011. Zambia Wildlife Authority, Chilanga.",No
Zambia,Kafue,Kafue GMAs,2011,1435,781,"Frederick. 2011. Aerial Survey: Kafue Ecosystem 2011. Zambia Wildlife Authority, Chilanga.",No
Zambia,Kafue,Kafue GMAs,2015,1876,819.3147747,GEC report,No
Zambia,Kafue,Kafue NP,2002,2197,660.7142857,historical data cited in GEC report,Yes
Zambia,Kafue,Kafue NP,2006,2506,618.3673469,historical data cited in GEC report,Yes
Zambia,Kafue,Kafue NP,2011,2280,492.8571429,historical data cited in GEC report,Yes
Zambia,Kafue,Kafue NP,2015,4813,1148.694912,GEC report,Yes
Zambia,Lower Zambezi,Lower Zambezi,2003,1347,,historical data cited in GEC report,Yes
Zambia,Lower Zambezi,Lower Zambezi,2005,3417,,historical data cited in GEC report,Yes
Zambia,Lower Zambezi,Lower Zambezi,2013,1795,,historical data cited in GEC report,Yes
Zambia,Lower Zambezi,Lower Zambezi,2015,973,295.2886723,GEC report,Yes
Zambia,Luangwa,Luangwa North NP,1996,3033,1148.979592,African Elephant Database,Yes
Zambia,Luangwa,Luangwa North NP,2001,3750,538,African Elephant Database,Yes
Zambia,Luangwa,Luangwa North NP,2003,3235,355,African Elephant Database,Yes
Zambia,Luangwa,Luangwa North NP,2007,3487,752,African Elephant Database,Yes
Zambia,Luangwa,Luangwa North NP,2009,3749,525,"WCS Flight Programme. 2009. Aerial Survey Report: Luangwa Valley 2009. Wildlife Conservation Society, New York.",Yes
Zambia,Luangwa,Luangwa North NP,2011,3460,848,African Elephant Database,Yes
Zambia,Luangwa,Luangwa North NP,2012,2214,371,African Elephant Database,Yes
Zambia,Luangwa,Luangwa North NP,2015,4673,903.291758,GEC report,Yes
Zambia,Luangwa,Luangwa South NP,1996,7942,1494.897959,African Elephant Database,Yes
Zambia,Luangwa,Luangwa South NP,2002,4459,775,African Elephant Database,Yes
Zambia,Luangwa,Luangwa South NP,2009,4419,899,"WCS Flight Programme. 2009. Aerial Survey Report: Luangwa Valley 2009. Wildlife Conservation Society, New York.",Yes
Zambia,Luangwa,Luangwa South NP,2011,3855,597,African Elephant Database,Yes
Zambia,Luangwa,Luangwa South NP,2012,2813,489,African Elephant Database,Yes
Zambia,Luangwa,Luangwa South NP,2015,3302,604.943799,GEC report,Yes
Zambia,Luangwa,rest of ecosystem,2009,9003,916.5838192,"WCS Flight Programme. 2009. Aerial Survey Report: Luangwa Valley 2009. Wildlife Conservation Society, New York.",No
Zambia,Luangwa,rest of ecosystem,2012,2834,668.007485,African Elephant Database,No
Zambia,Luangwa,rest of ecosystem,2015,5923,1574.947078,GEC report,No
Zambia,West Zambezi,Sioma Ngwezi NP,2004,899,,historical data cited in GEC report,Yes
Zambia,West Zambezi,Sioma Ngwezi NP,2005,385,189.2857143,historical data cited in GEC report,Yes
Zambia,West Zambezi,Sioma Ngwezi NP,2013,133,72.54653679,historical data cited in GEC report,Yes
Zambia,West Zambezi,Sioma Ngwezi NP,2015,48,38.36143897,GEC report,Yes
Zimbabwe,Gonarezhou NP & Save Valley Conservancy,Gonarezhou NP,1995,4154,778.1529878,historical data cited in GEC report,Yes
Zimbabwe,Gonarezhou NP & Save Valley Conservancy,Gonarezhou NP,1996,3741,880.9279107,African Elephant Database,Yes
Zimbabwe,Gonarezhou NP & Save Valley Conservancy,Gonarezhou NP,1998,4151,579.9442079,historical data cited in GEC report,Yes
Zimbabwe,Gonarezhou NP & Save Valley Conservancy,Gonarezhou NP,2001,4987,792.8351197,historical data cited in GEC report,Yes
Zimbabwe,Gonarezhou NP & Save Valley Conservancy,Gonarezhou NP,2007,6516,880.9279107,"Dunham et al.. 2007. Aerial survey of elephants and other large herbivores in Gonarezhou National Park, Zimbabwe: 2007. WWF-SARPO.",Yes
Zimbabwe,Gonarezhou NP & Save Valley Conservancy,Gonarezhou NP,2009,9123,887.3826683,"Dunham et al.. 2009. Aerial survey of elephants and other large herbivores in Gonarezhou National Park (Zimbabwe), Zinave National Park (Mozambiqu) and surrounds: 2009. Frankfurt Zoological Society.",Yes
Zimbabwe,Gonarezhou NP & Save Valley Conservancy,Gonarezhou NP,2013,10151,965.0367869,Dunham. 2013. Aerial survey of elephants and other large herbivores in Gonarezhou National Park (Zimbabwe) and surrounding areas: 2013. Frankfurt Zoological Society.,Yes
Zimbabwe,Gonarezhou NP & Save Valley Conservancy,Gonarezhou NP,2014,11120,1382.030029,GEC report,Yes
Zimbabwe,Gonarezhou NP & Save Valley Conservancy,Save Valley Conservancy,2001,535,161,historical data cited in GEC report,Yes
Zimbabwe,Gonarezhou NP & Save Valley Conservancy,Save Valley Conservancy,2014,1585,661,GEC report,Yes
Zimbabwe,NW Matabeleland,Hwange NP,1995,22811,2093.889587,historical data cited in GEC report,Yes
Zimbabwe,NW Matabeleland,Hwange NP,1996,27972,3374.722426,historical data cited in GEC report,Yes
Zimbabwe,NW Matabeleland,Hwange NP,1997,31819,3467.107263,historical data cited in GEC report,Yes
Zimbabwe,NW Matabeleland,Hwange NP,1998,28928,2448.012229,historical data cited in GEC report,Yes
Zimbabwe,NW Matabeleland,Hwange NP,1999,34369,2852.233254,historical data cited in GEC report,Yes
Zimbabwe,NW Matabeleland,Hwange NP,2001,44492,2914.23,historical data cited in GEC report,Yes
Zimbabwe,NW Matabeleland,Hwange NP,2014,45846,3185.728959,GEC report,Yes
Zimbabwe,NW Matabeleland,Matetsi Complex,1995,4414,984.1927586,historical data cited in GEC report,No
Zimbabwe,NW Matabeleland,Matetsi Complex,1996,5249,1246.732686,historical data cited in GEC report,No
Zimbabwe,NW Matabeleland,Matetsi Complex,1997,4043,995.6003864,historical data cited in GEC report,No
Zimbabwe,NW Matabeleland,Matetsi Complex,1998,5432,1170.579347,historical data cited in GEC report,No
Zimbabwe,NW Matabeleland,Matetsi Complex,1999,8582,1720.92554,historical data cited in GEC report,No
Zimbabwe,NW Matabeleland,Matetsi Complex,2001,4201,867.507,historical data cited in GEC report,No
Zimbabwe,NW Matabeleland,Matetsi Complex,2014,4843,1514.375119,GEC report,No
Zimbabwe,Sebungwe,communal lands,1995,4964,811.0774441,historical data cited in GEC report,No
Zimbabwe,Sebungwe,communal lands,1996,4016,474.8596382,historical data cited in GEC report,No
Zimbabwe,Sebungwe,communal lands,1997,4362,358.9296854,historical data cited in GEC report,No
Zimbabwe,Sebungwe,communal lands,1999,4921,740.332858,historical data cited in GEC report,No
Zimbabwe,Sebungwe,communal lands,2001,4037,560.3934587,historical data cited in GEC report,No
Zimbabwe,Sebungwe,communal lands,2006,4361,562.630336,historical data cited in GEC report,No
Zimbabwe,Sebungwe,communal lands,2014,497,203.5436071,GEC report,No
Zimbabwe,Sebungwe,Parks & Wildlife estate,1995,6753,591.0501701,historical data cited in GEC report,Yes
Zimbabwe,Sebungwe,Parks & Wildlife estate,1996,9030,799.6031746,historical data cited in GEC report,Yes
Zimbabwe,Sebungwe,Parks & Wildlife estate,1997,9056,513.5204082,historical data cited in GEC report,Yes
Zimbabwe,Sebungwe,Parks & Wildlife estate,1999,10897,1012.726757,historical data cited in GEC report,Yes
Zimbabwe,Sebungwe,Parks & Wildlife estate,2001,9944,928.5147392,historical data cited in GEC report,Yes
Zimbabwe,Sebungwe,Parks & Wildlife estate,2006,10229,907.1145125,historical data cited in GEC report,Yes
Zimbabwe,Sebungwe,Parks & Wildlife estate,2014,2894,574.9826084,GEC report,Yes
Zimbabwe,Tuli,Nottingham & Sentinel,2000,170,0,historical data cited in GEC report,No
Zimbabwe,Tuli,Nottingham & Sentinel,2001,104,0,historical data cited in GEC report,No
Zimbabwe,Tuli,Nottingham & Sentinel,2004,20,0,historical data cited in GEC report,No
Zimbabwe,Tuli,Nottingham & Sentinel,2007,116,0,historical data cited in GEC report,No
Zimbabwe,Tuli,Nottingham & Sentinel,2010,304,0,historical data cited in GEC report,No
Zimbabwe,Tuli,Nottingham & Sentinel,2012,355,0,historical data cited in GEC report,No
Zimbabwe,Tuli,Nottingham & Sentinel,2014,154,0,GEC report,No
Zimbabwe,Tuli,Tuli SA,2000,57,0,historical data cited in GEC report,No
Zimbabwe,Tuli,Tuli SA,2001,0,0,historical data cited in GEC report,No
Zimbabwe,Tuli,Tuli SA,2004,0,0,historical data cited in GEC report,No
Zimbabwe,Tuli,Tuli SA,2007,3,0,historical data cited in GEC report,No
Zimbabwe,Tuli,Tuli SA,2008,0,0,historical data cited in GEC report,No
Zimbabwe,Tuli,Tuli SA,2010,0,0,historical data cited in GEC report,No
Zimbabwe,Tuli,Tuli SA,2012,0,0,historical data cited in GEC report,No
Zimbabwe,Tuli,Tuli SA,2014,58,0,GEC report,No
Zimbabwe,Zambezi Valley,Zambezi Valley,1998,17464,1512.472056,historical data cited in GEC report,No
Zimbabwe,Zambezi Valley,Zambezi Valley,2001,19341,1263.954,historical data cited in GEC report,No
Zimbabwe,Zambezi Valley,Zambezi Valley,2014,11657,1136.976693,GEC report,No